Workbook

Sheet 01_Dados_Vendas
B2: 01 - A tabela-base
B4: Em Pandas: um DataFrame chamado df. Linha = venda; coluna = informacao da venda.
B6: # | C6: id_venda | D6: data | E6: produto | F6: setor | G6: preco_unitario | H6: quantidade | I6: filial | J6: estado | K6: operador
B7: 0 | C7: 2001 | D7: 2026-01-03 | E7: Banana Prata | F7: Hortifruti | G7: 5.99 | H7: 12 | I7: Filial Centro | J7: SP | K7: Ana
B8: 1 | C8: 2002 | D8: 2026-01-05 | E8: Picanha | F8: Acougue | G8: 79.9 | H8: 2 | I8: Filial Shopping | J8: RJ | K8: Bruno
B9: 2 | C9: 2003 | D9: 2026-01-08 | E9: Refrigerante 2L | F9: Bebidas | G9: 8.49 | H9: 6 | I9: Loja Online | J9: MG
B10: 3 | C10: 2004 | D10: 2026-01-10 | E10: Leite Integral 1L | F10: Laticinios | G10: 4.99 | H10: 10 | I10: Filial Bairro | J10: SP | K10: Carla
B11: 4 | C11: 2005 | D11: 2026-01-13 | E11: Detergente | F11: Limpeza | G11: 2.49 | I11: Filial Centro | J11: SP | K11: Diego
B12: 5 | C12: 2006 | D12: 2026-01-16 | E12: Pao Frances | F12: Padaria | G12: 15.9 | H12: 3 | I12: Filial Bairro | J12: SP | K12: Ana
B13: 6 | C13: 2007 | D13: 2026-01-19 | E13: Cerveja Lata 6un | F13: Bebidas | G13: 21.9 | H13: 4 | I13: Filial Shopping | J13: RJ
B14: 7 | C14: 2008 | D14: 2026-01-22 | E14: Queijo Mussarela | F14: Laticinios | G14: 44.9 | H14: 2 | I14: Filial Centro | J14: SP | K14: Carla
B15: 8 | C15: 2009 | D15: 2026-01-25 | E15: Frango | F15: Acougue | G15: 12.9 | H15: 5 | I15: Loja Online | J15: PR | K15: Bruno
B16: 9 | C16: 2010 | D16: 2026-01-28 | E16: Tomate | F16: Hortifruti | G16: 7.49 | H16: 8 | I16: Filial Bairro | J16: SP | K16: Elaine
B17: 10 | C17: 2011 | D17: 2026-02-02 | E17: Sabao em Po 1kg | F17: Limpeza | G17: 18.9 | H17: 2 | I17: Filial Shopping | J17: RJ | K17: Diego
B18: 11 | C18: 2012 | D18: 2026-02-05 | E18: Suco de Laranja 1L | F18: Bebidas | G18: 11.9 | H18: 3 | I18: Filial Centro | J18: SP | K18: Ana
B19: 12 | C19: 2013 | D19: 2026-02-09 | E19: Picanha | F19: Acougue | G19: 82.5 | H19: 1 | I19: Filial Shopping | J19: RS | K19: Elaine
B20: 13 | C20: 2014 | D20: 2026-02-12 | E20: Maca | F20: Hortifruti | G20: 8.9 | H20: 6 | I20: Loja Online | J20: BA
B21: 14 | C21: 2015 | D21: 2026-02-16 | E21: Bolo de Fuba | F21: Padaria | G21: 12.5 | H21: 4 | I21: Filial Bairro | J21: SP | K21: Carla
B22: 15 | C22: 2016 | D22: 2026-02-20 | E22: Agua Mineral 6un | F22: Bebidas | G22: 9.9 | I22: Filial Centro | J22: SP | K22: Bruno
B23: 16 | C23: 2017 | D23: 2026-02-24 | E23: Iogurte 170g | F23: Laticinios | G23: 3.49 | H23: 20 | I23: Filial Bairro | J23: SP | K23: Ana
B24: 17 | C24: 2018 | D24: 2026-02-27 | E24: Linguica | F24: Acougue | G24: 24.9 | H24: 3 | I24: Filial Shopping | J24: RJ | K24: Diego
B25: 18 | C25: 2019 | D25: 2026-03-03 | E25: Amaciante 2L | F25: Limpeza | G25: 14.9 | H25: 2 | I25: Loja Online | J25: MG | K25: Elaine
B26: 19 | C26: 2020 | D26: 2026-03-07 | E26: Banana Prata | F26: Hortifruti | G26: 6.29 | H26: 15 | I26: Filial Centro | J26: SP | K26: Carla
B27: 20 | C27: 2021 | D27: 2026-03-11 | E27: Refrigerante 2L | F27: Bebidas | G27: 8.79 | H27: 10 | I27: Filial Shopping | J27: RJ | K27: Bruno
B28: 21 | C28: 2022 | D28: 2026-03-15 | E28: Pao Frances | F28: Padaria | G28: 16.5 | H28: 2 | I28: Filial Bairro | J28: SP | K28: Ana
B29: 22 | C29: 2023 | D29: 2026-03-19 | E29: Frango | F29: Acougue | G29: 13.5 | H29: 4 | I29: Filial Centro | J29: SP | K29: Diego
B30: 23 | C30: 2024 | D30: 2026-03-23 | E30: Leite Integral 1L | F30: Laticinios | G30: 5.19 | H30: 12 | I30: Loja Online | J30: PR | K30: Carla
B31: 24 | C31: 2025 | D31: 2026-03-27 | E31: Cerveja Lata 6un | F31: Bebidas | G31: 22.5 | H31: 6 | I31: Filial Shopping | J31: RS | K31: Elaine
B32: 25 | C32: 2026 | D32: 2026-04-01 | E32: Queijo Mussarela | F32: Laticinios | G32: 46.9 | H32: 1 | I32: Filial Bairro | J32: SP | K32: Carla
B33: 26 | C33: 2027 | D33: 2026-04-05 | E33: Alface | F33: Hortifruti | G33: 2.99 | H33: 9 | I33: Filial Centro | J33: SP | K33: Bruno
B34: 27 | C34: 2028 | D34: 2026-04-09 | E34: Picanha | F34: Acougue | G34: 80 | H34: 2 | I34: Filial Shopping | J34: RJ | K34: Ana
B36: df.dtypes (tipo de cada coluna)
B37: id_venda int64 data object produto object setor object preco_unitario float64 quantidade float64 (2 vazias) filial object estado object operador object (3 vazias)

Sheet 02_Cadastros
B2: 02 - Cadastros (para o merge)
B4: Cada operador trabalha numa filial (id_filial). A aba 12 junta as duas por essa coluna.
B6: Operadores | H6: Filiais
B7: id_operador | C7: nome | D7: id_filial | E7: salario | F7: ano_admissao | H7: id_filial | I7: nome_filial | J7: cidade | K7: estado | L7: gerente
B8: 1 | C8: Ana Souza | D8: 1 | E8: 2650 | F8: 2021 | H8: 1 | I8: Filial Centro | J8: Sao Paulo | K8: SP | L8: Marcos
B9: 2 | C9: Bruno Lima | D9: 1 | E9: 2400 | F9: 2016 | H9: 2 | I9: Filial Bairro | J9: Sao Paulo | K9: SP | L9: Nubia
B10: 3 | C10: Carla Dias | D10: 2 | E10: 2900 | F10: 2015 | H10: 3 | I10: Filial Shopping | J10: Rio de Janeiro | K10: RJ | L10: Otavio
B11: 4 | C11: Diego Alves | D11: 2 | E11: 3100 | F11: 2023 | H11: 4 | I11: Loja Online | J11: Centro de Distr. | K11: SP | L11: Paula
B12: 5 | C12: Elaine Reis | D12: 3 | E12: 2500 | F12: 2019
B13: 6 | C13: Felipe Nunes | D13: 3 | E13: 2750 | F13: 2014
B14: 7 | C14: Gabriela Melo | D14: 4 | E14: 3300 | F14: 2022
B15: 8 | C15: Hugo Castro | D15: 2 | E15: 2200 | F15: 2013
B16: 9 | C16: Ivone Prado | D16: 1 | E16: 2100 | F16: 2023
B17: 10 | C17: Joao Pires | D17: 99 | E17: 2000 | F17: 2018
B19: Joao Pires tem id_filial = 99, que nao existe em Filiais (de proposito).

Sheet 03_Series
B2: 03 - Series
B4: Uma coluna de valores em que cada valor tem um rotulo (o index). Ex.: preco medio por setor.
B6: index (rotulo) | C6: valor
B7: Acougue | C7: 48.95
B8: Bebidas | C8: 13.91
B9: Hortifruti | C9: 6.33
B10: Laticinios | C10: 21.09
B11: Limpeza | C11: 12.1
B12: Padaria | C12: 14.97
B14: No Excel - buscar pelo rotulo
B15: =VLOOKUP("Acougue",B7:C12,2,FALSE) -> 48.95 | D15: PT-BR: PROCV
B17: No Python
B18: preco = pd.Series( [48.95, 13.91, 6.33, 21.09, 12.1, 14.97], index=['Acougue', 'Bebidas', 'Hortifruti', 'Laticinios', 'Limpeza', 'Padaria'], ) preco["Acougue"] preco.mean()
B26: Resultado
B27: setor Acougue 48.95 Bebidas 13.91 Hortifruti 6.33 Laticinios 21.09 Limpeza 12.10 Padaria 14.97 preco["Acougue"] -> 48.95 preco.mean() -> 19.56
B36: Cada coluna de um DataFrame e, por dentro, uma Series.

Sheet 04_DataFrame
B2: 04 - DataFrame
B4: Varias colunas (cada uma uma Series) na mesma tabela, com o mesmo index de linhas.
B6: produto | C6: setor | D6: preco_unitario
B7: Picanha | C7: Acougue | D7: 79.9
B8: Banana Prata | C8: Hortifruti | D8: 5.99
B9: Detergente | C9: Limpeza | D9: 2.49
B11: No Excel
B12: =ROWS(B7:D9)&" x "&COLUMNS(B7:D9) -> 3 x 3 | D12: tamanho (shape)
B13: =B6&", "&C6&", "&D6 -> produto, setor, preco_unitario | D13: nomes das colunas
B15: No Python
B16: produtos = pd.DataFrame({ "produto": ["Picanha", "Banana Prata", "Detergente"], "setor": ["Acougue", "Hortifruti", "Limpeza"], "preco_unitario": [79.90, 5.99, 2.49], }) produtos.shape # (3, 3) produtos.columns # nomes produtos.dtypes # tipo de cada coluna
B25: shape, columns e dtypes sao atributos: sem parenteses.

Sheet 05_Explorar
B2: 05 - Explorar: head / describe / value_counts
B4: head(n): primeiras n linhas. describe(): resumo dos numeros. value_counts(): contar categorias.
B6: describe()
B7: estatistica | C7: preco_unitario | D7: quantidade
B8: count | C8: =COUNT('01_Dados_Vendas'!G7:G34) -> 28 | D8: =COUNT('01_Dados_Vendas'!H7:H34) -> 26
B9: mean | C9: =AVERAGE('01_Dados_Vendas'!G7:G34) -> 21.267857 | D9: =AVERAGE('01_Dados_Vendas'!H7:H34) -> 5.9230769
B10: std | C10: =STDEV('01_Dados_Vendas'!G7:G34) -> 23.597556 | D10: =STDEV('01_Dados_Vendas'!H7:H34) -> 4.815999
B11: min | C11: =MIN('01_Dados_Vendas'!G7:G34) -> 2.49 | D11: =MIN('01_Dados_Vendas'!H7:H34) -> 1
B12: 25% | C12: =QUARTILE('01_Dados_Vendas'!G7:G34,1) -> 7.19 | D12: =QUARTILE('01_Dados_Vendas'!H7:H34,1) -> 2
B13: 50% | C13: =MEDIAN('01_Dados_Vendas'!G7:G34) -> 12.7 | D13: =MEDIAN('01_Dados_Vendas'!H7:H34) -> 4
B14: 75% | C14: =QUARTILE('01_Dados_Vendas'!G7:G34,3) -> 22.05 | D14: =QUARTILE('01_Dados_Vendas'!H7:H34,3) -> 8.75
B15: max | C15: =MAX('01_Dados_Vendas'!G7:G34) -> 82.5 | D15: =MAX('01_Dados_Vendas'!H7:H34) -> 20
B17: value_counts() em filial
B18: filial | C18: contagem
B19: Filial Centro | C19: =COUNTIF('01_Dados_Vendas'!I7:I34,"Filial Centro") -> 8
B20: Filial Shopping | C20: =COUNTIF('01_Dados_Vendas'!I7:I34,"Filial Shopping") -> 8
B21: Filial Bairro | C21: =COUNTIF('01_Dados_Vendas'!I7:I34,"Filial Bairro") -> 7
B22: Loja Online | C22: =COUNTIF('01_Dados_Vendas'!I7:I34,"Loja Online") -> 5
B24: No Python
B25: df.head(3) df[["preco_unitario", "quantidade"]].describe() df["filial"].value_counts()
B31: Resultado
B32: describe(): preco_unitario quantidade count 28.00 26.00 mean 21.27 5.92 std 23.60 4.82 min 2.49 1.00 25% 7.19 2.00 50% 12.70 4.00 75% 22.05 8.75 max 82.50 20.00 value_counts(): filial Filial Centro 8 Filial Shopping 8 Filial Bairro 7 Loja Online 5
B47: count de quantidade da 26, nao 28: faltam 2 (ver aba 07).

Sheet 06_Ler_Salvar
B2: 06 - Ler e salvar
B4: Cada formato tem uma funcao de leitura; todas devolvem um DataFrame.
B6: formato | C6: funcao | D6: exemplo
B7: CSV | C7: pd.read_csv() | D7: pd.read_csv("vendas.csv")
B8: Excel | C8: pd.read_excel() | D8: pd.read_excel("vendas.xlsx")
B9: JSON | C9: pd.read_json() | D9: pd.read_json("vendas.json")
B10: Banco SQL | C10: pd.read_sql() | D10: pd.read_sql(consulta, conexao)
B11: salvar CSV | C11: df.to_csv() | D11: df.to_csv("saida.csv", index=False)
B13: Erro comum: separador
B14: CSV brasileiro costuma separar por ponto-e-virgula. Sem avisar, o Pandas usa virgula e junta tudo numa coluna.
B16: # errado: separador padrao df = pd.read_csv("vendas_ptbr.csv") df.shape # (1, 1) <- so 1 coluna # certo df = pd.read_csv("vendas_ptbr.csv", sep=";")
B23: Depois de ler qualquer arquivo, confira df.shape.

Sheet 07_Ausentes
B2: 07 - Dados ausentes (NaN)
B4: NaN = celula sem informacao. Nao e zero nem texto vazio.
B6: id_venda | C6: produto | D6: quantidade | E6: operador
B7: 2001 | C7: Banana Prata | D7: 12 | E7: Ana
B8: 2002 | C8: Picanha | D8: 2 | E8: Bruno
B9: 2003 | C9: Refrigerante 2L | D9: 6
B10: 2004 | C10: Leite Integral 1L | D10: 10 | E10: Carla
B11: 2005 | C11: Detergente | E11: Diego
B12: 2006 | C12: Pao Frances | D12: 3 | E12: Ana
B13: 2007 | C13: Cerveja Lata 6un | D13: 4
B14: 2008 | C14: Queijo Mussarela | D14: 2 | E14: Carla
B15: 2009 | C15: Frango | D15: 5 | E15: Bruno
B16: 2010 | C16: Tomate | D16: 8 | E16: Elaine
B17: 2011 | C17: Sabao em Po 1kg | D17: 2 | E17: Diego
B18: 2012 | C18: Suco de Laranja 1L | D18: 3 | E18: Ana
B19: 2013 | C19: Picanha | D19: 1 | E19: Elaine
B20: 2014 | C20: Maca | D20: 6
B21: 2015 | C21: Bolo de Fuba | D21: 4 | E21: Carla
B22: 2016 | C22: Agua Mineral 6un | E22: Bruno
B23: 2017 | C23: Iogurte 170g | D23: 20 | E23: Ana
B24: 2018 | C24: Linguica | D24: 3 | E24: Diego
B25: 2019 | C25: Amaciante 2L | D25: 2 | E25: Elaine
B26: 2020 | C26: Banana Prata | D26: 15 | E26: Carla
B27: 2021 | C27: Refrigerante 2L | D27: 10 | E27: Bruno
B28: 2022 | C28: Pao Frances | D28: 2 | E28: Ana
B29: 2023 | C29: Frango | D29: 4 | E29: Diego
B30: 2024 | C30: Leite Integral 1L | D30: 12 | E30: Carla
B31: 2025 | C31: Cerveja Lata 6un | D31: 6 | E31: Elaine
B32: 2026 | C32: Queijo Mussarela | D32: 1 | E32: Carla
B33: 2027 | C33: Alface | D33: 9 | E33: Bruno
B34: 2028 | C34: Picanha | D34: 2 | E34: Ana
B36: No Excel - contar vazios
C37: =COUNTBLANK(D7:D34) -> 2 | D37: vazios em quantidade (2)
C38: =COUNTBLANK(E7:E34) -> 3 | D38: vazios em operador (3)
B40: No Python
B41: df.isnull().sum() df.dropna().shape # (23, 9) - so mostra df["quantidade"] = df["quantidade"].fillna(1) # altera
B48: Resultado
B49: id_venda 0 data 0 produto 0 setor 0 preco_unitario 0 quantidade 2 filial 0 estado 0 operador 3
B60: dropna(): 28 -> 23 linhas. fillna(): escolha um valor que faca sentido.

Sheet 08_Colunas
B2: 08 - Colunas, coluna calculada, ordenar
B4: Escolher colunas: df[["a", "b"]]. Nova coluna: df["total"] = df["a"] * df["b"].
B6: produto | C6: preco_unitario | D6: quantidade | E6: valor_total
B7: Banana Prata | C7: 5.99 | D7: 12 | E7: =C7*D7 -> 71.88
B8: Picanha | C8: 79.9 | D8: 2 | E8: =C8*D8 -> 159.8
B9: Refrigerante 2L | C9: 8.49 | D9: 6 | E9: =C9*D9 -> 50.94
B10: Leite Integral 1L | C10: 4.99 | D10: 10 | E10: =C10*D10 -> 49.9
B11: Detergente | C11: 2.49 | D11: 1 | E11: =C11*D11 -> 2.49
B12: Pao Frances | C12: 15.9 | D12: 3 | E12: =C12*D12 -> 47.7
B13: Cerveja Lata 6un | C13: 21.9 | D13: 4 | E13: =C13*D13 -> 87.6
B14: Queijo Mussarela | C14: 44.9 | D14: 2 | E14: =C14*D14 -> 89.8
B16: No Excel: digite a formula e arraste. No Pandas: aplica na coluna toda de uma vez.
B18: No Python
B19: df["valor_total"] = df["preco_unitario"] * df["quantidade"] df.sort_values("valor_total", ascending=False).head(5)
B26: Resultado (5 maiores)
B27: produto preco_unitario quantidade valor_total 27 Picanha 80.00 2.0 160.00 1 Picanha 79.90 2.0 159.80 24 Cerveja Lata 6un 22.50 6.0 135.00 19 Banana Prata 6.29 15.0 94.35 7 Queijo Mussarela 44.90 2.0 89.80
B36: sort_values devolve uma copia; df continua na ordem original.

Sheet 09_loc_iloc
B2: 09 - loc x iloc
B4: loc = por rotulo do index (inclui o fim). iloc = por posicao, de 0 (exclui o fim).
B6: comando | C6: traz | D6: inclui o fim?
B7: df.loc[0:2] | C7: rotulos 0, 1, 2 | D7: sim -> 3 linhas
B8: df.iloc[0:3] | C8: posicoes 0, 1, 2 | D8: nao -> 3 linhas
B9: df.iloc[0:2] | C9: posicoes 0, 1 | D9: nao -> 2 linhas
B12: No Python
B13: df.loc[0:2, ["produto", "filial"]] # rotulo + colunas por nome df.iloc[0:3, 0:3] # posicao
B19: Resultado
B20: df.loc[0:2, ['produto','filial']]: produto filial 0 Banana Prata Filial Centro 1 Picanha Filial Shopping 2 Refrigerante 2L Loja Online df.iloc[0:3, 0:3]: id_venda data produto 0 2001 2026-01-03 Banana Prata 1 2002 2026-01-05 Picanha 2 2003 2026-01-08 Refrigerante 2L

Sheet 10_Filtros
B2: 10 - Filtros
B4: A condicao gera uma coluna de VERDADEIRO/FALSO. O Pandas fica so com as linhas VERDADEIRO.
B6: produto | C6: preco_unitario | D6: setor | E6: estado | F6: preco>20? | G6: Bebidas e RJ?
B7: Banana Prata | C7: 5.99 | D7: Hortifruti | E7: SP | F7: =C7>20 -> FALSE | G7: =AND(D7="Bebidas",E7="RJ") -> FALSE
B8: Picanha | C8: 79.9 | D8: Acougue | E8: RJ | F8: =C8>20 -> TRUE | G8: =AND(D8="Bebidas",E8="RJ") -> FALSE
B9: Refrigerante 2L | C9: 8.49 | D9: Bebidas | E9: MG | F9: =C9>20 -> FALSE | G9: =AND(D9="Bebidas",E9="RJ") -> FALSE
B10: Leite Integral 1L | C10: 4.99 | D10: Laticinios | E10: SP | F10: =C10>20 -> FALSE | G10: =AND(D10="Bebidas",E10="RJ") -> FALSE
B11: Detergente | C11: 2.49 | D11: Limpeza | E11: SP | F11: =C11>20 -> FALSE | G11: =AND(D11="Bebidas",E11="RJ") -> FALSE
B12: Pao Frances | C12: 15.9 | D12: Padaria | E12: SP | F12: =C12>20 -> FALSE | G12: =AND(D12="Bebidas",E12="RJ") -> FALSE
B13: Cerveja Lata 6un | C13: 21.9 | D13: Bebidas | E13: RJ | F13: =C13>20 -> TRUE | G13: =AND(D13="Bebidas",E13="RJ") -> TRUE
B14: Queijo Mussarela | C14: 44.9 | D14: Laticinios | E14: SP | F14: =C14>20 -> TRUE | G14: =AND(D14="Bebidas",E14="RJ") -> FALSE
B15: Frango | C15: 12.9 | D15: Acougue | E15: PR | F15: =C15>20 -> FALSE | G15: =AND(D15="Bebidas",E15="RJ") -> FALSE
B16: Tomate | C16: 7.49 | D16: Hortifruti | E16: SP | F16: =C16>20 -> FALSE | G16: =AND(D16="Bebidas",E16="RJ") -> FALSE
B18: No Python
B19: df[df["preco_unitario"] > 20] df[(df["setor"] == "Bebidas") & (df["estado"] == "RJ")]
B25: Resultado
B26: preco > 20: 8 linhas produto preco_unitario 1 Picanha 79.9 6 Cerveja Lata 6un 21.9 7 Queijo Mussarela 44.9 12 Picanha 82.5 17 Linguica 24.9 24 Cerveja Lata 6un 22.5 25 Queijo Mussarela 46.9 27 Picanha 80.0 Bebidas & RJ: produto setor estado 6 Cerveja Lata 6un Bebidas RJ 20 Refrigerante 2L Bebidas RJ
B40: Use & e | (nunca and / or). Cada condicao entre parenteses.

Sheet 11_groupby
B2: 11 - groupby
B4: Separar as linhas por setor e resumir cada grupo (media, contagem, ...).
B6: setor | C6: media | D6: contagem
B7: Acougue | C7: =AVERAGEIF('01_Dados_Vendas'!F7:F34,"Acougue",'01_Dados_Vendas'!G7:G34) -> 48.95 | D7: =COUNTIF('01_Dados_Vendas'!F7:F34,"Acougue") -> 6
B8: Bebidas | C8: =AVERAGEIF('01_Dados_Vendas'!F7:F34,"Bebidas",'01_Dados_Vendas'!G7:G34) -> 13.913333 | D8: =COUNTIF('01_Dados_Vendas'!F7:F34,"Bebidas") -> 6
B9: Hortifruti | C9: =AVERAGEIF('01_Dados_Vendas'!F7:F34,"Hortifruti",'01_Dados_Vendas'!G7:G34) -> 6.332 | D9: =COUNTIF('01_Dados_Vendas'!F7:F34,"Hortifruti") -> 5
B10: Laticinios | C10: =AVERAGEIF('01_Dados_Vendas'!F7:F34,"Laticinios",'01_Dados_Vendas'!G7:G34) -> 21.094 | D10: =COUNTIF('01_Dados_Vendas'!F7:F34,"Laticinios") -> 5
B11: Limpeza | C11: =AVERAGEIF('01_Dados_Vendas'!F7:F34,"Limpeza",'01_Dados_Vendas'!G7:G34) -> 12.096667 | D11: =COUNTIF('01_Dados_Vendas'!F7:F34,"Limpeza") -> 3
B12: Padaria | C12: =AVERAGEIF('01_Dados_Vendas'!F7:F34,"Padaria",'01_Dados_Vendas'!G7:G34) -> 14.966667 | D12: =COUNTIF('01_Dados_Vendas'!F7:F34,"Padaria") -> 3
B14: Mesma coisa que a Tabela Dinamica: setor em Linhas, preco_unitario em Valores.
B16: No Python
B17: df.groupby("setor")["preco_unitario"].mean() df.groupby("setor")["preco_unitario"].agg(["mean","min","max","count"])
B23: Resultado
B24: mean min max count setor Acougue 48.95 12.90 82.5 6 Bebidas 13.91 8.49 22.5 6 Hortifruti 6.33 2.99 8.9 5 Laticinios 21.09 3.49 46.9 5 Limpeza 12.10 2.49 18.9 3 Padaria 14.97 12.50 16.5 3

Sheet 12_merge
B2: 12 - merge (o PROCV do Pandas)
B4: Trazer, ao lado de cada operador, o nome da filial. Chave em comum: id_filial.
B6: id_operador | C6: nome | D6: id_filial | E6: nome_filial
B7: 1 | C7: Ana Souza | D7: 1 | E7: =IFERROR(VLOOKUP(D7,'02_Cadastros'!H8:I11,2,FALSE),"sem filial") -> Filial Centro
B8: 2 | C8: Bruno Lima | D8: 1 | E8: =IFERROR(VLOOKUP(D8,'02_Cadastros'!H8:I11,2,FALSE),"sem filial") -> Filial Centro
B9: 3 | C9: Carla Dias | D9: 2 | E9: =IFERROR(VLOOKUP(D9,'02_Cadastros'!H8:I11,2,FALSE),"sem filial") -> Filial Bairro
B10: 4 | C10: Diego Alves | D10: 2 | E10: =IFERROR(VLOOKUP(D10,'02_Cadastros'!H8:I11,2,FALSE),"sem filial") -> Filial Bairro
B11: 5 | C11: Elaine Reis | D11: 3 | E11: =IFERROR(VLOOKUP(D11,'02_Cadastros'!H8:I11,2,FALSE),"sem filial") -> Filial Shopping
B12: 6 | C12: Felipe Nunes | D12: 3 | E12: =IFERROR(VLOOKUP(D12,'02_Cadastros'!H8:I11,2,FALSE),"sem filial") -> Filial Shopping
B13: 7 | C13: Gabriela Melo | D13: 4 | E13: =IFERROR(VLOOKUP(D13,'02_Cadastros'!H8:I11,2,FALSE),"sem filial") -> Loja Online
B14: 8 | C14: Hugo Castro | D14: 2 | E14: =IFERROR(VLOOKUP(D14,'02_Cadastros'!H8:I11,2,FALSE),"sem filial") -> Filial Bairro
B15: 9 | C15: Ivone Prado | D15: 1 | E15: =IFERROR(VLOOKUP(D15,'02_Cadastros'!H8:I11,2,FALSE),"sem filial") -> Filial Centro
B16: 10 | C16: Joao Pires | D16: 99 | E16: =IFERROR(VLOOKUP(D16,'02_Cadastros'!H8:I11,2,FALSE),"sem filial") -> sem filial
B18: id_filial 99 nao existe: com inner o Joao some; com left ele fica, com vazio.
B20: how | C20: mantem
B21: inner | C21: so quem existe nas duas tabelas
B22: left | C22: todas as linhas da esquerda
B23: right | C23: todas as linhas da direita
B24: outer | C24: todas as linhas das duas
B26: No Python
B27: op.merge(fil, on="id_filial", how="inner") op.merge(fil, on="id_filial", how="left")
B33: Resultado
B34: inner (9 linhas): nome id_filial nome_filial 0 Ana Souza 1 Filial Centro 1 Bruno Lima 1 Filial Centro 2 Carla Dias 2 Filial Bairro 3 Diego Alves 2 Filial Bairro 4 Elaine Reis 3 Filial Shopping 5 Felipe Nunes 3 Filial Shopping 6 Gabriela Melo 4 Loja Online 7 Hugo Castro 2 Filial Bairro 8 Ivone Prado 1 Filial Centro left (10 linhas): nome id_filial nome_filial 0 Ana Souza 1 Filial Centro 1 Bruno Lima 1 Filial Centro 2 Carla Dias 2 Filial Bairro 3 Diego Alves 2 Filial Bairro 4 Elaine Reis 3 Filial Shopping 5 Felipe Nunes 3 Filial Shopping 6 Gabriela Melo 4 Loja Online 7 Hugo Castro 2 Filial Bairro 8 Ivone Prado 1 Filial Centro 9 Joao Pires 99 NaN

Sheet 13_pivot_table
B2: 13 - pivot_table
B4: groupby em duas dimensoes: setor nas linhas, estado nas colunas, media do preco no cruzamento.
B6: setor \ estado | C6: BA | D6: MG | E6: PR | F6: RJ | G6: RS | H6: SP
B7: Acougue | C7: =IFERROR(AVERAGEIFS('01_Dados_Vendas'!$G$7:$G$34,'01_Dados_Vendas'!$F$7:$F$34,$B7,'01_Dados_Vendas'!$J$7:$J$34,C$6),"") | D7: =IFERROR(AVERAGEIFS('01_Dados_Vendas'!$G$7:$G$34,'01_Dados_Vendas'!$F$7:$F$34,$B7,'01_Dados_Vendas'!$J$7:$J$34,D$6),"") | E7: =IFERROR(AVERAGEIFS('01_Dados_Vendas'!$G$7:$G$34,'01_Dados_Vendas'!$F$7:$F$34,$B7,'01_Dados_Vendas'!$J$7:$J$34,E$6),"") -> 12.9 | F7: =IFERROR(AVERAGEIFS('01_Dados_Vendas'!$G$7:$G$34,'01_Dados_Vendas'!$F$7:$F$34,$B7,'01_Dados_Vendas'!$J$7:$J$34,F$6),"") -> 61.6 | G7: =IFERROR(AVERAGEIFS('01_Dados_Vendas'!$G$7:$G$34,'01_Dados_Vendas'!$F$7:$F$34,$B7,'01_Dados_Vendas'!$J$7:$J$34,G$6),"") -> 82.5 | H7: =IFERROR(AVERAGEIFS('01_Dados_Vendas'!$G$7:$G$34,'01_Dados_Vendas'!$F$7:$F$34,$B7,'01_Dados_Vendas'!$J$7:$J$34,H$6),"") -> 13.5
B8: Bebidas | C8: =IFERROR(AVERAGEIFS('01_Dados_Vendas'!$G$7:$G$34,'01_Dados_Vendas'!$F$7:$F$34,$B8,'01_Dados_Vendas'!$J$7:$J$34,C$6),"") | D8: =IFERROR(AVERAGEIFS('01_Dados_Vendas'!$G$7:$G$34,'01_Dados_Vendas'!$F$7:$F$34,$B8,'01_Dados_Vendas'!$J$7:$J$34,D$6),"") -> 8.49 | E8: =IFERROR(AVERAGEIFS('01_Dados_Vendas'!$G$7:$G$34,'01_Dados_Vendas'!$F$7:$F$34,$B8,'01_Dados_Vendas'!$J$7:$J$34,E$6),"") | F8: =IFERROR(AVERAGEIFS('01_Dados_Vendas'!$G$7:$G$34,'01_Dados_Vendas'!$F$7:$F$34,$B8,'01_Dados_Vendas'!$J$7:$J$34,F$6),"") -> 15.345 | G8: =IFERROR(AVERAGEIFS('01_Dados_Vendas'!$G$7:$G$34,'01_Dados_Vendas'!$F$7:$F$34,$B8,'01_Dados_Vendas'!$J$7:$J$34,G$6),"") -> 22.5 | H8: =IFERROR(AVERAGEIFS('01_Dados_Vendas'!$G$7:$G$34,'01_Dados_Vendas'!$F$7:$F$34,$B8,'01_Dados_Vendas'!$J$7:$J$34,H$6),"") -> 10.9
B9: Hortifruti | C9: =IFERROR(AVERAGEIFS('01_Dados_Vendas'!$G$7:$G$34,'01_Dados_Vendas'!$F$7:$F$34,$B9,'01_Dados_Vendas'!$J$7:$J$34,C$6),"") -> 8.9 | D9: =IFERROR(AVERAGEIFS('01_Dados_Vendas'!$G$7:$G$34,'01_Dados_Vendas'!$F$7:$F$34,$B9,'01_Dados_Vendas'!$J$7:$J$34,D$6),"") | E9: =IFERROR(AVERAGEIFS('01_Dados_Vendas'!$G$7:$G$34,'01_Dados_Vendas'!$F$7:$F$34,$B9,'01_Dados_Vendas'!$J$7:$J$34,E$6),"") | F9: =IFERROR(AVERAGEIFS('01_Dados_Vendas'!$G$7:$G$34,'01_Dados_Vendas'!$F$7:$F$34,$B9,'01_Dados_Vendas'!$J$7:$J$34,F$6),"") | G9: =IFERROR(AVERAGEIFS('01_Dados_Vendas'!$G$7:$G$34,'01_Dados_Vendas'!$F$7:$F$34,$B9,'01_Dados_Vendas'!$J$7:$J$34,G$6),"") | H9: =IFERROR(AVERAGEIFS('01_Dados_Vendas'!$G$7:$G$34,'01_Dados_Vendas'!$F$7:$F$34,$B9,'01_Dados_Vendas'!$J$7:$J$34,H$6),"") -> 5.69
B10: Laticinios | C10: =IFERROR(AVERAGEIFS('01_Dados_Vendas'!$G$7:$G$34,'01_Dados_Vendas'!$F$7:$F$34,$B10,'01_Dados_Vendas'!$J$7:$J$34,C$6),"") | D10: =IFERROR(AVERAGEIFS('01_Dados_Vendas'!$G$7:$G$34,'01_Dados_Vendas'!$F$7:$F$34,$B10,'01_Dados_Vendas'!$J$7:$J$34,D$6),"") | E10: =IFERROR(AVERAGEIFS('01_Dados_Vendas'!$G$7:$G$34,'01_Dados_Vendas'!$F$7:$F$34,$B10,'01_Dados_Vendas'!$J$7:$J$34,E$6),"") -> 5.19 | F10: =IFERROR(AVERAGEIFS('01_Dados_Vendas'!$G$7:$G$34,'01_Dados_Vendas'!$F$7:$F$34,$B10,'01_Dados_Vendas'!$J$7:$J$34,F$6),"") | G10: =IFERROR(AVERAGEIFS('01_Dados_Vendas'!$G$7:$G$34,'01_Dados_Vendas'!$F$7:$F$34,$B10,'01_Dados_Vendas'!$J$7:$J$34,G$6),"") | H10: =IFERROR(AVERAGEIFS('01_Dados_Vendas'!$G$7:$G$34,'01_Dados_Vendas'!$F$7:$F$34,$B10,'01_Dados_Vendas'!$J$7:$J$34,H$6),"") -> 25.07
B11: Limpeza | C11: =IFERROR(AVERAGEIFS('01_Dados_Vendas'!$G$7:$G$34,'01_Dados_Vendas'!$F$7:$F$34,$B11,'01_Dados_Vendas'!$J$7:$J$34,C$6),"") | D11: =IFERROR(AVERAGEIFS('01_Dados_Vendas'!$G$7:$G$34,'01_Dados_Vendas'!$F$7:$F$34,$B11,'01_Dados_Vendas'!$J$7:$J$34,D$6),"") -> 14.9 | E11: =IFERROR(AVERAGEIFS('01_Dados_Vendas'!$G$7:$G$34,'01_Dados_Vendas'!$F$7:$F$34,$B11,'01_Dados_Vendas'!$J$7:$J$34,E$6),"") | F11: =IFERROR(AVERAGEIFS('01_Dados_Vendas'!$G$7:$G$34,'01_Dados_Vendas'!$F$7:$F$34,$B11,'01_Dados_Vendas'!$J$7:$J$34,F$6),"") -> 18.9 | G11: =IFERROR(AVERAGEIFS('01_Dados_Vendas'!$G$7:$G$34,'01_Dados_Vendas'!$F$7:$F$34,$B11,'01_Dados_Vendas'!$J$7:$J$34,G$6),"") | H11: =IFERROR(AVERAGEIFS('01_Dados_Vendas'!$G$7:$G$34,'01_Dados_Vendas'!$F$7:$F$34,$B11,'01_Dados_Vendas'!$J$7:$J$34,H$6),"") -> 2.49
B12: Padaria | C12: =IFERROR(AVERAGEIFS('01_Dados_Vendas'!$G$7:$G$34,'01_Dados_Vendas'!$F$7:$F$34,$B12,'01_Dados_Vendas'!$J$7:$J$34,C$6),"") | D12: =IFERROR(AVERAGEIFS('01_Dados_Vendas'!$G$7:$G$34,'01_Dados_Vendas'!$F$7:$F$34,$B12,'01_Dados_Vendas'!$J$7:$J$34,D$6),"") | E12: =IFERROR(AVERAGEIFS('01_Dados_Vendas'!$G$7:$G$34,'01_Dados_Vendas'!$F$7:$F$34,$B12,'01_Dados_Vendas'!$J$7:$J$34,E$6),"") | F12: =IFERROR(AVERAGEIFS('01_Dados_Vendas'!$G$7:$G$34,'01_Dados_Vendas'!$F$7:$F$34,$B12,'01_Dados_Vendas'!$J$7:$J$34,F$6),"") | G12: =IFERROR(AVERAGEIFS('01_Dados_Vendas'!$G$7:$G$34,'01_Dados_Vendas'!$F$7:$F$34,$B12,'01_Dados_Vendas'!$J$7:$J$34,G$6),"") | H12: =IFERROR(AVERAGEIFS('01_Dados_Vendas'!$G$7:$G$34,'01_Dados_Vendas'!$F$7:$F$34,$B12,'01_Dados_Vendas'!$J$7:$J$34,H$6),"") -> 14.966667
B14: Celula vazia = nenhuma venda daquele setor naquele estado.
B16: No Python
B17: df.pivot_table( index="setor", columns="estado", values="preco_unitario", aggfunc="mean", )
B25: Resultado
B26: estado BA MG PR RJ RS SP setor Acougue NaN NaN 12.90 61.60 82.5 13.50 Bebidas NaN 8.49 NaN 15.34 22.5 10.90 Hortifruti 8.9 NaN NaN NaN NaN 5.69 Laticinios NaN NaN 5.19 NaN NaN 25.07 Limpeza NaN 14.90 NaN 18.90 NaN 2.49 Padaria NaN NaN NaN NaN NaN 14.97

Sheet 14_Mini_Desafio
B2: 14 - Mini-desafio
B4: Qual filial vendeu mais vezes em Bebidas, e qual o ticket medio (preco medio) nela?
B6: No Excel
B7: 1) filtrar setor = Bebidas 2) Tabela Dinamica: filial nas Linhas 3) id_venda em Valores (Contagem) 4) preco_unitario em Valores (Media) 5) ordenar por contagem
B10: No Python
B11: bebidas = df[df["setor"] == "Bebidas"] bebidas.groupby("filial").agg( qtd_vendas=("id_venda", "count"), ticket_medio=("preco_unitario", "mean"), ).sort_values("qtd_vendas", ascending=False)
B20: Resultado
B21: filial | C21: qtd_vendas | D21: ticket_medio
B22: Filial Shopping | C22: 3 | D22: 17.73
B23: Filial Centro | C23: 2 | D23: 10.9
B24: Loja Online | C24: 1 | D24: 8.49
B26: Resposta: Filial Shopping - 3 vendas, ticket medio R$ 17.73

Sheet 15_Chuleta
B2: 15 - Chuleta: Excel -> Pandas
B4: EXPLORAR E LER
B5: ver linhas x colunas | C5: df.shape | D5: atributo, sem ()
B6: nomes das colunas | C6: df.columns
B7: tipo de cada coluna | C7: df.dtypes | D7: texto=object, decimal=float64
B8: primeiras linhas | C8: df.head(5) | D8: df.tail() ve o fim
B9: resumo dos numeros | C9: df.describe()
B10: contar categorias | C10: df["col"].value_counts()
B11: abrir CSV / Excel | C11: pd.read_csv() / pd.read_excel() | D11: sep=";" se preciso
B12: salvar CSV | C12: df.to_csv("s.csv", index=False)
B13: SELECIONAR E FILTRAR
B14: uma coluna | C14: df["col"] | D14: Series
B15: varias colunas | C15: df[["a", "b"]] | D15: lista -> colchete duplo
B16: por rotulo | C16: df.loc[linhas, colunas] | D16: inclui o fim
B17: por posicao | C17: df.iloc[linhas, colunas] | D17: exclui o fim
B18: filtrar | C18: df[df["preco"] > 20]
B19: combinar condicoes | C19: (c1) & (c2) (c1) | (c2) | D19: nunca and / or
B20: coluna calculada | C20: df["t"] = df["p"] * df["q"]
B21: ordenar | C21: df.sort_values("col", ascending=False) | D21: devolve copia
B22: DADOS AUSENTES
B23: contar vazios | C23: df.isnull().sum()
B24: remover linhas com vazio | C24: df.dropna() | D24: reatribua
B25: preencher vazios | C25: df["col"] = df["col"].fillna(1)
B26: AGRUPAR, JUNTAR, CRUZAR
B27: agrupar e resumir | C27: df.groupby("c")["v"].mean() | D27: mean/sum/count/min/max
B28: varios resumos | C28: df.groupby("c")["v"].agg(["mean","sum"])
B29: juntar por chave | C29: a.merge(b, on="k", how="left") | D29: inner/left/right/outer
B30: empilhar tabelas | C30: pd.concat([a, b])
B31: tabela dinamica 2D | C31: df.pivot_table(index=, columns=, values=, aggfunc=)

Sheet 16_Glossario
B2: 16 - Glossario
B4: termo | C4: em uma linha
B5: Series | C5: uma coluna: valores do mesmo tipo, cada um com um rotulo (index).
B6: DataFrame | C6: a tabela: varias colunas (Series) com o mesmo index de linhas. E o 'df'.
B7: index | C7: os rotulos das linhas. Padrao 0, 1, 2, ...
B8: dtype | C8: tipo da coluna: float64 (decimal), int64 (inteiro), object (texto).
B9: shape | C9: dupla (linhas, colunas). Atributo, sem parenteses.
B10: NaN | C10: celula sem valor. Nao e zero nem texto vazio.
B11: head(n) | C11: primeiras n linhas (padrao 5).
B12: describe() | C12: resumo dos numeros: count, media, desvio, min, quartis, max.
B13: value_counts() | C13: conta cada valor de uma coluna de texto.
B14: filtro booleano | C14: selecionar linhas por uma condicao VERDADEIRO/FALSO.
B15: & | ~ | C15: e / ou / nao para condicoes de coluna. Cada uma entre parenteses. Nunca and/or/not.
... B23: vetorizacao | C23: aplicar a operacao na coluna inteira de uma vez, sem loop.
